Name,Email
Krishna Bansal,krishna.bansal254@example.com
Vivaan Kumar,vivaan.kumar605@example.com
Vihaan Singh,vihaan.singh923@example.com
Saanvi Agarwal,saanvi.agarwal222@example.com
Saanvi Mehta,saanvi.mehta258@example.com
Diya Bansal,diya.bansal971@example.com
Krishna Joshi,krishna.joshi915@example.com
Diya Bansal,diya.bansal945@example.com
Krishna Joshi,krishna.joshi522@example.com
Ira Kumar,ira.kumar619@example.com
Arjun Agarwal,arjun.agarwal541@example.com
Arjun Patel,arjun.patel538@example.com
Ishaan Bansal,ishaan.bansal134@example.com
Riya Iyer,riya.iyer19@example.com
Ishaan Joshi,ishaan.joshi486@example.com
Ishaan Agarwal,ishaan.agarwal22@example.com
Riya Bansal,riya.bansal728@example.com
Vivaan Singh,vivaan.singh493@example.com
Aditya Bansal,aditya.bansal124@example.com
Arjun Malhotra,arjun.malhotra908@example.com
Vivaan Gupta,vivaan.gupta827@example.com
Riya Patel,riya.patel218@example.com
Krishna Agarwal,krishna.agarwal49@example.com
Aadhya Verma,aadhya.verma804@example.com
Meera Kapoor,meera.kapoor651@example.com
Ishaan Singh,ishaan.singh695@example.com
Vihaan Singh,vihaan.singh553@example.com
Meera Iyer,meera.iyer771@example.com
Meera Agarwal,meera.agarwal995@example.com
Kavya Patel,kavya.patel217@example.com
Krishna Verma,krishna.verma783@example.com
Ananya Mehta,ananya.mehta192@example.com
Ishaan Agarwal,ishaan.agarwal626@example.com
Ananya Kapoor,ananya.kapoor347@example.com
Saanvi Gupta,saanvi.gupta641@example.com
Ira Joshi,ira.joshi350@example.com
Shaurya Mehta,shaurya.mehta260@example.com
Aarav Singh,aarav.singh503@example.com
Vihaan Gupta,vihaan.gupta461@example.com
Aarav Bansal,aarav.bansal742@example.com
Diya Mehta,diya.mehta713@example.com
Diya Agarwal,diya.agarwal74@example.com
Aditya Malhotra,aditya.malhotra310@example.com
Saanvi Verma,saanvi.verma334@example.com
Diya Gupta,diya.gupta872@example.com
Arjun Agarwal,arjun.agarwal65@example.com
Aarav Chopra,aarav.chopra580@example.com
Aadhya Iyer,aadhya.iyer935@example.com
Diya Reddy,diya.reddy540@example.com
Kavya Malhotra,kavya.malhotra620@example.com
Aarav Iyer,aarav.iyer635@example.com
Ishaan Reddy,ishaan.reddy478@example.com
Ishaan Gupta,ishaan.gupta728@example.com
Diya Kumar,diya.kumar240@example.com
Saanvi Agarwal,saanvi.agarwal901@example.com
Vivaan Sharma,vivaan.sharma261@example.com
Meera Agarwal,meera.agarwal992@example.com
Kavya Mehta,kavya.mehta953@example.com
Saanvi Malhotra,saanvi.malhotra707@example.com
Ananya Malhotra,ananya.malhotra232@example.com
Vihaan Reddy,vihaan.reddy768@example.com
Ananya Joshi,ananya.joshi868@example.com
Kavya Chopra,kavya.chopra889@example.com
Ira Chopra,ira.chopra152@example.com
Riya Sharma,riya.sharma411@example.com
Riya Reddy,riya.reddy738@example.com
Riya Mehta,riya.mehta205@example.com
Krishna Malhotra,krishna.malhotra658@example.com
Saanvi Mehta,saanvi.mehta315@example.com
Krishna Chopra,krishna.chopra980@example.com
Diya Chopra,diya.chopra166@example.com
Riya Malhotra,riya.malhotra889@example.com
Arjun Iyer,arjun.iyer410@example.com
Aditya Patel,aditya.patel411@example.com
Ananya Kumar,ananya.kumar922@example.com
Aditya Sharma,aditya.sharma743@example.com
Diya Joshi,diya.joshi367@example.com
Kavya Chopra,kavya.chopra62@example.com
Vihaan Singh,vihaan.singh189@example.com
Arjun Reddy,arjun.reddy656@example.com
Meera Kumar,meera.kumar321@example.com
Vivaan Singh,vivaan.singh869@example.com
Meera Mehta,meera.mehta105@example.com
Diya Patel,diya.patel647@example.com
Shaurya Iyer,shaurya.iyer601@example.com
Meera Iyer,meera.iyer209@example.com
Meera Reddy,meera.reddy405@example.com
Aditya Joshi,aditya.joshi459@example.com
Aadhya Agarwal,aadhya.agarwal124@example.com
Aarav Chopra,aarav.chopra802@example.com
Diya Patel,diya.patel586@example.com
Vivaan Bansal,vivaan.bansal472@example.com
Kavya Mehta,kavya.mehta528@example.com
Ira Kapoor,ira.kapoor658@example.com
Aadhya Malhotra,aadhya.malhotra725@example.com
Ishaan Gupta,ishaan.gupta847@example.com
Diya Malhotra,diya.malhotra60@example.com
Saanvi Verma,saanvi.verma966@example.com
Arjun Singh,arjun.singh8@example.com
Ananya Kumar,ananya.kumar252@example.com
Shaurya Joshi,shaurya.joshi144@example.com
Riya Chopra,riya.chopra224@example.com
Arjun Sharma,arjun.sharma69@example.com
Shaurya Sharma,shaurya.sharma667@example.com
Krishna Singh,krishna.singh504@example.com
Kavya Gupta,kavya.gupta310@example.com
Ishaan Iyer,ishaan.iyer537@example.com
Ira Joshi,ira.joshi980@example.com
Saanvi Chopra,saanvi.chopra101@example.com
Ananya Malhotra,ananya.malhotra870@example.com
Kavya Bansal,kavya.bansal817@example.com
Diya Kumar,diya.kumar308@example.com
Arjun Bansal,arjun.bansal90@example.com
Diya Verma,diya.verma718@example.com
Ira Mehta,ira.mehta813@example.com
Diya Iyer,diya.iyer523@example.com
Aadhya Agarwal,aadhya.agarwal550@example.com
Vihaan Reddy,vihaan.reddy692@example.com
Diya Malhotra,diya.malhotra124@example.com
Aarav Singh,aarav.singh246@example.com